problem,funnel_stage,customer_impact,business_impact,prototype_feature_fix,feature_customer_impact,feature_business_impact,industry_benchmark_impact,priority_order
""No header category access for fresh meat"",Awareness,""Cannot discover hero category from nav"",""-22% CTR to fresh meat pages"",""Unified MegaNav with category slots"",""Direct 1-click path"",""+18% nav CTR"",""Forrester: structured nav lifts engagement 15-20%"",1
""Broken category banner CTA links"",Consideration,""Sent to wrong category (alcohol)"",""Wasted paid traffic, bounce"",""Dynamic hero banners mapped to correct taxonomy"",""Trust & relevance"",""+12% category sessions"",""Gartner: fixing CTA routing lifts conversions 8-15%"",2
""Poor product discoverability"",Consideration,""Must scroll/search manually"",""Lost add-to-basket events"",""Filterable recipe + product finder"",""Personalized entry points"",""+14% PDP views"",""Baymard: guided nav lifts findability 20%"",3
""Zero account-level personalization"",Consideration,""Generic messaging"",""Lower engagement"",""Account-aware homepage modules"",""Relevant reorder prompts"",""+9% repeat orders"",""McKinsey: personalization drives 10-15% revenue"",4
""No behavioral personalization"",Consideration,""Browsing history ignored"",""Shorter sessions"",""Behavioral targeting service (recent views, segments)"",""Sees relevant SKUs"",""+11% PDP depth"",""Segment: behavioral targeting lifts CVR 10%"",5
""No Welcome back greeting"",Consideration,""Feels anonymous"",""Lower loyalty"",""Personalized header greeting"",""Sense of recognition"",""+3% session duration"",""Adobe: personalized header improves engagement 3-5%"",20
""Regular buyers see same homepage as new visitors"",Consideration,""Irrelevant promos"",""Missed upsell"",""Dynamic homepage templates by persona"",""Promotion relevance"",""+6% AOV"",""Dynamic content lifts revenue 5-8% (Econsultancy)"",6
""Generic journey regardless of purchase history"",Consideration,""Cannot pick up reorders"",""Lost frequency"",""Journey orchestration using order history"",""One-click reorder nudges"",""+8% order frequency"",""Salesforce: triggered journeys lift repeat 7-10%"",7
""No personalization based on purchase history"",Consideration,""Irrelevant recommendations"",""Lower upsell"",""Purchase-history powered recommendations"",""Sees complementary SKUs"",""+10% attach rate"",""Amazon-style recs add 11% revenue"",8
""Single low-quality PDP images"",Conversion,""Cannot assess quality"",""Lower conversion, more returns"",""Multi-angle/lifestyle gallery"",""Visual confidence"",""+15% PDP CVR"",""Salsify: rich media lifts CVR 12-18%"",9
""No multiple angles or lifestyle shots"",Conversion,""No usage context"",""Lower AOV"",""Editorial lifestyle photography"",""Usage inspiration"",""+6% upsell"",""Shotfarm: lifestyle imagery boosts CVR 5-7%"",21
""No bullet point descriptions"",Conversion,""Hard to scan benefits"",""Higher bounce"",""Structured key features list"",""Instant value recognition"",""+9% PDP engagement"",""Nielsen Norman: bullets improve comprehension 8%"",10
""Missing critical product info"",Conversion,""Cannot make informed purchase"",""Lost trust"",""Enhanced PDP specs (cut, origin, cooking, storage, nutrition)"",""Decision confidence"",""+13% CVR"",""FMI: detailed info lifts consideration 12%"",11
""Poor product descriptions"",Conversion,""Unclear benefits"",""Lower CVR"",""Copy blocks aligned to chef pain points"",""Understands differentiation"",""+7% add-to-basket"",""CXL: optimized copy lifts CVR 5-10%"",22
""No trust signals or certifications"",Conversion,""Doubts provenance"",""Lower premium sales"",""TrustBadges component"",""Assurance on sourcing"",""+11% premium SKU CVR"",""Baymard: trust badges recover 18% abandons"",12
""Missing freshness guarantees"",Conversion,""Fear spoilage"",""Hesitation to buy fresh"",""Freshness guarantee banner"",""Purchase confidence"",""+9% fresh meat orders"",""FreshDirect: guarantee lifts perishable sales 8%"",23
""No cross-sell modules on PDP"",Conversion,""Doesn't discover complements"",""Lost attach"",""Cross-sell carousel"",""Sees pairings"",""+12% attach"",""Shopify: PDP cross-sell lifts revenue 10-15%"",13
""Broken recommendations showing same product"",Conversion,""Confusing suggestions"",""0 incremental value"",""Recommendation engine using complementary sets"",""Relevant discovery"",""+8% upsell"",""McKinsey: AI recs drive 10% revenue"",14
""No frequently bought together"",Conversion,""Manual bundle creation"",""Lower basket size"",""FBT widget tied to purchase history"",""1-click bundle"",""+11% basket size"",""Amazon: FBT/recs drive 35% revenue"",15
""No bundle suggestions"",Conversion,""No meal kit ideas"",""Lower AOV"",""Chef bundles / menu kits"",""Ready-to-order combos"",""+14% AOV"",""Meal-kit style bundles lift AOV 12-18%"",16
""No recipe-based recommendations"",Consideration,""No inspiration"",""Fewer category entries"",""Recipe integration module"",""Menu ideas"",""+18% PDP entries"",""Content commerce drives +20% traffic"",17
""Missing category-specific metadata"",Awareness,""Hard to find via search"",""Lower organic traffic"",""SEO metadata for categories"",""Findable via Google"",""+22% organic sessions"",""Moz: metadata tuning lifts CTR 15-30%"",18
""Missing product-specific metadata"",Awareness,""Products not indexed"",""Fewer PDP entries"",""Dynamic PDP metadata"",""Finds SKUs via search"",""+17% organic PDP traffic"",""BrightEdge: optimized PDP drives +15% traffic"",19
""No recently viewed items"",Consideration,""Must re-search"",""Lost comparison shoppers"",""Recently viewed rail with persistence"",""Quick backtrack"",""+6% revisit rate"",""Baymard: recently viewed aids 8-12% of sessions"",24
""No saved lists functionality"",Consideration,""Cannot plan menus"",""Lower loyalty"",""Saved lists / quick reorder lists"",""Store favorite assortments"",""+10% repeat"",""B2B marketplaces see +15% retention with lists"",25
""Recently viewed not persistent"",Consideration,""Data lost on logout"",""Shorter journeys"",""LocalStorage + account sync"",""Continuity across sessions"",""+4% conversion"",""Persisted history boosts conversion 3-5%"",26
""No educational content or recipe library"",Awareness,""No inspiration"",""Fewer category entries"",""Recipe library (prototype feature)"",""Menu planning help"",""+24% content-to-cart"",""Content commerce lifts revenue 20-30%"",27
""No subcategory descriptions"",Consideration,""Doesn't know differences"",""Lower mix shift"",""SEO content blocks per subcategory"",""Understands usage"",""+7% subcategory conversion"",""Content clarity lifts CVR 5-8%"",28
""No seasonal content strategy"",Consideration,""No timely offers"",""Missed seasonal spikes"",""Seasonal landing pages"",""Relevant menus"",""+9% seasonal revenue"",""NRF: seasonal campaigns drive +10% sales"",29
""Missing guided selling tools"",Consideration,""Unsure which cut/how much"",""Abandoned purchases"",""Guided selling + portion calculator"",""Calculates quantity"",""+16% CVR"",""Gartner: guided selling boosts CVR 15%"",30
""No butchery guides or technique videos"",Consideration,""Knowledge gap"",""Lower premium uptake"",""Cut guide content library"",""Education"",""+6% premium mix"",""Educational content lifts premium sales 5-7%"",31
""Limited promotional mechanics"",Awareness,""Only basic discounts"",""Low engagement"",""Promo engine (bundles, loyalty boosts)"",""Appealing offers"",""+8% campaign ROI"",""Personalized promos add 10% revenue"",32
""No best seller badges or social proof"",Consideration,""Unsure what to pick"",""Decision friction"",""Best seller + review badges"",""Confidence"",""+9% CVR"",""Spiegel: social proof lifts conversions 12%"",33
""No new product highlights"",Consideration,""Misses innovations"",""Slow adoption"",""New-in carousel"",""Discover latest SKUs"",""+5% new product sales"",""Merch highlights speed adoption 4-6%"",34
""No re-order reminders"",Retention,""Must remember manually"",""Longer reorder cycles"",""Automated reorder reminders"",""Timely alerts"",""+11% reorder rate"",""Reorder nudges lift repeat 10-15%"",35
""No subscription options"",Retention,""Cannot automate staples"",""Volatile demand"",""Standing orders / subscriptions"",""Predictable supply"",""+18% recurring revenue"",""Subscribe & save lifts LTV 20%"",36
""No accelerated loyalty points for fresh meat"",Retention,""No incentive to shift spend"",""Slow category growth"",""Category bonus multipliers"",""Earn rewards faster"",""+9% category share"",""Targeted loyalty boosts category 8-10%"",37
""No post-purchase engagement"",Retention,""No tips or follow-up"",""No re-engagement"",""Post-purchase journeys (tips, recipes)"",""Value after delivery"",""+7% repeat"",""Post-purchase emails drive +5-10% repeat"",38
